nombre,apellido,telefono,direccion
Corrie,Whipp,(610) 5288599,2553 Ludington Alley
Giorgi,Tallet,(265) 4122766,6090 Debra Parkway
Arman,Plet,(526) 7298277,04 Morningstar Center
Luciano,Bastiman,(483) 9920019,91880 Alpine Road
Brander,Capponeer,(813) 1375942,35717 Briar Crest Road
Tulley,Larmet,(421) 7316661,4337 Kedzie Pass
Travis,Money,(667) 9556937,5 Bultman Parkway
Boyd,Schottli,(211) 6786735,3 Monument Avenue
Conroy,Checchetelli,(786) 8941255,5683 Schlimgen Crossing
Jeno,Mounce,(179) 8481273,3 Sunfield Court
Mathias,Noraway,(163) 8027261,73105 Rockefeller Crossing
Hube,Edlyn,(668) 1240300,39 Petterle Road
Justus,Bollum,(537) 1209218,110 Warner Center
Jared,Derricoat,(891) 7634943,8098 Manufacturers Alley
Newton,Enston,(475) 8703843,908 Bashford Circle
Hillery,Spratley,(102) 9652150,7329 Dakota Trail
Barret,Light,(770) 2753444,368 Vernon Pass
Stephan,House,(802) 6877088,0367 Mendota Alley
Reynold,Burniston,(203) 2550202,4 Scoville Trail
Bendicty,Panter,(443) 4492781,3 Ruskin Hill
Chevalier,Lewzey,(381) 1216719,66379 Delladonna Way
Arch,Grogona,(140) 5249622,4 Hayes Drive
Winslow,Gronou,(308) 1213265,389 Hoepker Plaza
Sheff,Gostling,(951) 8316000,1664 Thompson Park
Napoleon,Brake,(413) 6055331,1738 Susan Center
Elisha,Blaise,(919) 5945327,5 Hayes Parkway
Langsdon,Hazeldene,(118) 2393224,801 Kipling Drive
Waverly,Corradi,(231) 1189794,44 Golden Leaf Street
Spense,Warton,(591) 4711558,54 Grover Parkway
Rolph,Ipplett,(634) 2867660,4244 Vahlen Pass
Towney,Championnet,(805) 2189180,29710 Jenna Road
Nevil,Wooffitt,(605) 1839769,4287 Arkansas Drive
Malcolm,Fowkes,(169) 9347123,20 Commercial Point
Frankie,Attenborrow,(577) 4064757,01046 Knutson Point
Silvan,Maseyk,(445) 4232102,9 Northwestern Trail
Rock,Tordiffe,(849) 5569684,63 Dapin Trail
Brion,Ricardou,(594) 6676931,036 Pierstorff Place
Natal,Delahunt,(145) 7791893,55724 Hooker Avenue
Stanford,Jewster,(949) 3125493,47 Straubel Circle
Brien,Garms,(486) 2579420,52 Anzinger Road
Jeramey,Purseglove,(981) 5299981,489 Bobwhite Junction
Cornall,D'Costa,(335) 7452666,3830 Dryden Crossing
Tuckie,Caughan,(724) 4022884,0 Vera Parkway
Thoma,Mungham,(873) 2252040,64921 Melvin Drive
Sloane,Briston,(732) 9559226,8 Caliangt Court
Birch,Hatz,(188) 9477066,90343 Main Street
Mack,Billing,(736) 3724496,1040 Summit Place
Winfred,McElhargy,(856) 6337281,09 Gina Center
Murray,Gerriet,(267) 2783419,7162 Bowman Road
Camey,Branney,(293) 8315080,59804 Alpine Park
Dorey,Devers,(782) 7707677,19 Dapin Hill
Nobe,Wittering,(636) 5007733,49684 Northridge Court
Gawain,Mundy,(765) 2288758,559 Meadow Ridge Street
Lawrence,Lickorish,(607) 8065000,3 Loeprich Place
Frasco,Ladloe,(914) 3019586,51 Tony Avenue
Tore,Luck,(376) 8861569,757 Loomis Point
Wilbur,Meany,(866) 5489839,33475 Brown Hill
Gardner,Gaywood,(623) 8319501,40 Division Center
Zachary,Ambler,(483) 5615911,5 Schlimgen Point
Lucius,Bradley,(283) 1295294,549 Anthes Park
Jecho,Flieg,(840) 3795475,9131 Anzinger Alley
Barry,Berns,(911) 4211856,5 Dakota Hill
Cristian,Josovitz,(221) 9589954,76701 Sutherland Center
Damian,Davison,(799) 4741951,711 Karstens Park
Ara,Hasley,(439) 4106740,26 Oak Junction
Demetri,Blakiston,(660) 7793220,29 Lillian Hill
Elliott,Offen,(679) 4027420,76 Sommers Parkway
Omar,Etuck,(543) 6852679,91 Sunbrook Street
Torr,Drover,(350) 9008213,4 Thierer Park
Nathanil,Maunsell,(870) 8762205,829 Cherokee Street
Hoyt,Hazel,(110) 9619341,43802 Shasta Hill
Buck,Feldman,(523) 6084696,4 Swallow Lane
Abbott,Goldis,(917) 8979236,77571 Wayridge Terrace
Winfield,Lagneaux,(888) 1602862,7730 Fairfield Pass
Caesar,Ling,(806) 8133377,782 Pawling Terrace
Westley,Jellico,(533) 7987946,0 Bayside Drive
Tyler,Gianni,(629) 4358323,630 Lindbergh Lane
Pancho,Folkerts,(689) 4031434,2 Laurel Pass
Van,Airy,(924) 2414283,38 Brown Park
Cesare,Yushkov,(713) 9050520,9407 Anthes Park
Avictor,Healey,(107) 2945314,5 Spaight Hill
Moss,Watkinson,(304) 6325367,0321 Claremont Avenue
Worthington,Cianni,(879) 7600826,7550 Kensington Circle
Gerrard,Barnaclough,(649) 4468573,9445 Washington Crossing
Harlan,Geany,(150) 8608316,6 High Crossing Trail
Filippo,Bradneck,(844) 4179092,905 Oriole Court
Ikey,Birchill,(440) 4581441,57 Mesta Drive
Stillmann,Bellfield,(883) 4557229,2 Magdeline Lane
Nels,Neiland,(314) 4108894,11 Victoria Way
Rodrique,Hallet,(766) 1389052,79 4th Drive
Errol,Clapton,(576) 9853246,22795 Merry Parkway
Stevie,Goodbourn,(877) 3621867,4 Fairview Place
Nichole,Teape,(589) 1102115,8 Bunting Drive
Eugene,Broadberrie,(803) 7697103,55149 Burning Wood Lane
Waldo,Boddy,(227) 4907524,24043 Susan Plaza
Lief,Oakton,(697) 4950409,5555 Susan Park
Siward,Bamell,(210) 6262853,3 Summit Place
Krishnah,Baine,(810) 1011114,959 Walton Center
Mohandis,Stanier,(993) 1793097,03 Beilfuss Point
Julio,Blague,(993) 2223429,22 Utah Junction
Bertrand,Breakwell,(235) 5329386,9 Haas Road
Shaine,Achromov,(757) 8784203,1 Atwood Pass
Ronnie,Kunat,(783) 4122012,69440 Memorial Park
Scotti,Arckoll,(544) 2037167,48085 Meadow Vale Circle
Arty,Olkowicz,(904) 6240968,20900 Browning Terrace
Lydon,Gorman,(184) 2637737,5 Moulton Crossing
Lucais,Crichmere,(547) 9143907,78 Mallard Road
Jarvis,Castagne,(705) 7214944,2517 Fallview Road
Maurise,Roisen,(173) 6899396,8 Everett Way
Marlo,Brandham,(770) 4022793,94223 Manufacturers Junction
Myles,Bossingham,(772) 8408194,62 Shasta Place
Wang,Syme,(460) 7508194,70287 Harper Pass
Vick,Clerk,(772) 1249815,1627 Cordelia Center
Caddric,Losemann,(188) 2220659,5715 Packers Court
Ewan,Andren,(898) 4672750,64633 Meadow Vale Street
Micheil,Bickmore,(579) 6733555,61 Basil Center
Thurston,Stallon,(269) 2749083,36014 Sauthoff Hill
Pepillo,Midson,(142) 5453806,8 Vera Place
Laurens,Dulson,(278) 4909007,604 Corscot Pass
Shell,Huetson,(172) 6171040,900 Warner Circle
Jan,Teal,(624) 6512666,98 Bultman Circle
Abeu,Speke,(880) 1262596,33 Loftsgordon Place
Gibby,Guyan,(875) 7436690,286 Union Center
Langston,Jentges,(116) 5740769,616 Sundown Pass
Weider,Strettell,(989) 6734096,8015 Cambridge Avenue
Gabriel,Pottinger,(327) 5724171,07 Meadow Vale Place
Addie,Haet,(857) 6355970,6359 Glacier Hill Crossing
Bear,Dutch,(198) 5062783,9846 Utah Court
Deane,Connelly,(541) 2099755,4 Loftsgordon Court
Hagen,Vobes,(385) 8948498,14122 Florence Hill
Lorne,Percival,(419) 9058049,12515 Eagan Junction
Shelden,Welbelove,(383) 7614160,67 Briar Crest Center
Kain,Hyman,(552) 7294138,539 Hintze Circle
Yorker,Consterdine,(407) 1152146,4 Loftsgordon Trail
Kaspar,Pomfrey,(630) 7058359,421 Bartelt Parkway
Sheff,Grimsey,(853) 8737174,319 Stephen Place
Kain,Mulford,(438) 1944693,8982 Rusk Street
Jerald,Burne,(719) 7186739,2314 Dennis Pass
Ignatius,Vasic,(948) 1601175,58 Lyons Alley
Boycey,Goffe,(637) 5794472,982 Mccormick Place
Wood,Plak,(915) 7281519,789 4th Street
Brendis,Giordano,(321) 4958170,2 Morning Crossing
Hinze,Del Dello,(292) 1120436,180 Nova Park
Justino,Kittredge,(475) 4504818,5527 Montana Hill
Paddie,Stears,(711) 2848335,42664 Susan Alley
Jacobo,Gearty,(764) 9711831,030 Cottonwood Junction
Rafe,Alenikov,(707) 2920566,3 Lakewood Gardens Trail
Boote,Martinek,(675) 5614167,58 Pearson Parkway
Biron,Kingswoode,(999) 2596387,0605 Maple Center
Haskell,Wahncke,(108) 1224772,198 Kings Center
Perren,Antoni,(499) 9043522,29975 Goodland Plaza
Napoleon,Gregor,(425) 3807975,45 Jenifer Terrace
Sampson,Riccard,(281) 8238715,7 Dexter Court
Prescott,Kurt,(878) 1965536,20965 Killdeer Court
Shaine,Fitzsimons,(701) 1223884,49970 Mariners Cove Road
Raviv,McGuire,(708) 6813591,1276 Victoria Circle
Evin,Picard,(910) 5325763,19451 Eastwood Junction
Osmund,Everton,(686) 1350613,47956 Daystar Park
Neron,Lassells,(349) 1131941,78 Myrtle Court
Boot,Spybey,(362) 9253480,9 Lindbergh Parkway
Hector,Liddyard,(138) 7404049,2907 Sullivan Junction
Nat,Clendennen,(912) 6318192,4960 Mesta Alley
Reade,Jakubovsky,(910) 5077007,5413 Karstens Center
Iago,Judkins,(212) 6251535,492 Atwood Center
Marven,Newbury,(121) 4120300,914 Milwaukee Road
Noel,Grantham,(163) 1916071,1 Mcguire Park
Christoffer,Waple,(678) 3771995,60 Bunker Hill Plaza
Sampson,Prydden,(409) 5441927,6 Tomscot Alley
Alfy,Dadge,(959) 3735140,6717 Mcbride Place
Yvor,Holtaway,(129) 6037809,40227 Old Gate Court
Worthington,Goghin,(862) 6991063,7276 Bay Avenue
Rodrick,Torrejon,(139) 3897487,4 Ronald Regan Alley
Tedmund,Vesco,(709) 6666119,1461 Mifflin Terrace
Fremont,Braybrook,(866) 2998368,894 Clarendon Parkway
Earle,Medwell,(791) 6432812,26 Union Terrace
Christoper,Lorraway,(248) 1822863,9853 Bowman Terrace
Ody,Hilling,(948) 2154334,9269 Schiller Trail
Sansone,Philcox,(324) 5836058,08 Schiller Lane
Ricky,Clempton,(556) 5181259,2 Mallard Avenue
Bronnie,Tatum,(731) 1272545,6981 Ilene Place
Brion,Mallaby,(206) 9390845,7766 Gulseth Court
Dal,Heiner,(775) 5235781,01 Fordem Terrace
Richie,Kettlestringes,(270) 5981415,07 Clarendon Lane
Spencer,Stalf,(717) 6131180,1042 Golden Leaf Drive
Cord,Brumen,(885) 8335381,49 Victoria Way
Waverly,Kayley,(955) 2645898,2 Ohio Lane
Alfonso,Jaquemar,(216) 9521039,149 Little Fleur Plaza
Yanaton,Wolfart,(444) 8181491,8950 Havey Point
Thatcher,Cozzi,(184) 4251424,0334 Pine View Center
Ilaire,Capaldi,(229) 5438000,3 Dryden Park
Bertie,Thuillier,(900) 6473772,36 Mockingbird Plaza
Andras,Monsey,(841) 4607644,0 Loeprich Road
Mahmud,Meach,(814) 9503713,5 Independence Street
Mateo,Fleischmann,(876) 6894698,4893 Union Pass
Keith,Driutti,(785) 6446401,3249 Declaration Junction
Luciano,Coggins,(542) 3158410,8540 Hoard Park
Kingsley,Fligg,(689) 1753826,7836 Doe Crossing Trail
Davis,Bordes,(440) 5260556,070 Heffernan Drive
Cy,Mathan,(278) 6469883,1432 Division Park
Haze,Godilington,(114) 2876334,44188 Manitowish Hill
Marchall,Wagstaffe,(569) 3351572,4 Algoma Lane
Bard,Fearon,(400) 3550889,22571 Ohio Pass
Octavius,Axford,(173) 7763868,3754 Moose Crossing
Thaddeus,Gough,(308) 2260148,217 Barby Court
Alf,Avramovitz,(846) 1091171,73 Coolidge Avenue
Allen,Seak,(500) 9548465,32 Ruskin Street
Charles,Lardier,(551) 6003648,82931 Ryan Center
Hughie,Greensitt,(254) 3085965,669 Harbort Drive
Damian,Ding,(361) 7494682,39 Gulseth Road
Avery,Hannond,(731) 1398992,96 Holy Cross Junction
Archibold,Overton,(583) 5651495,560 Surrey Lane
Thaine,Plank,(125) 1907602,03 Merchant Street
Rickie,Chessor,(133) 5491088,134 Clemons Drive
Guido,Stebbins,(722) 2119923,61413 Stone Corner Center
Desmond,McPharlain,(491) 5268979,647 Pankratz Road
Derwin,Aynsley,(760) 7538101,37039 Hallows Trail
Branden,McShirrie,(411) 9612120,93 7th Junction
Galvin,Pinder,(856) 7343555,24 Prairie Rose Trail
Smith,Conway,(408) 3217035,0 Hayes Way
Mike,Bolino,(115) 6620609,5 Arapahoe Crossing
Trever,Geggus,(510) 4139878,324 Farragut Trail
Mathian,Walsh,(291) 8944567,7 David Alley
Martino,Braham,(539) 7032898,7 Park Meadow Avenue
Domenico,Bolland,(691) 8888655,06789 Evergreen Pass
Ichabod,Chipchase,(522) 9793685,25 Vahlen Terrace
Francois,Midlar,(231) 5271615,480 Mallory Center
Giustino,Edgcumbe,(275) 7854408,59 Kinsman Plaza
Berky,Argont,(265) 9432631,20 Anzinger Road
Brien,Pohls,(779) 7446006,292 Quincy Court
Cullin,Bartolijn,(351) 9993081,9 Erie Parkway
Carney,Tight,(304) 1410091,0 Oak Park
Slade,Bondy,(989) 3916329,7522 Pennsylvania Street
Win,McKeggie,(165) 8549625,873 Mayer Circle
Xerxes,Milne,(904) 1739680,4840 Annamark Alley
Will,Martinson,(319) 5332523,140 Jackson Road
Torr,McDowell,(615) 9476285,02 Golf View Point
Dion,Tadd,(159) 3032610,81 Quincy Street
Kliment,Bletso,(854) 4973677,2 Veith Avenue
Claudius,Emnoney,(584) 5102409,49 Chinook Circle
Denver,Freyn,(345) 5764009,3756 Kenwood Crossing
Ephraim,Hawkswood,(875) 3707408,2 8th Drive
Nico,Clews,(591) 4709633,26 Hudson Center
Matthaeus,Kulvear,(472) 1302123,57696 Marcy Junction
Roger,Pikhno,(646) 3864991,4268 Pearson Street
Blaine,Salman,(755) 2006475,7 Ridgeview Alley
Bartie,Gerran,(497) 8575693,47 Artisan Circle
Tulley,Piddington,(868) 1633526,7979 Spaight Street
Teodor,Gowling,(760) 8774965,55 Esker Crossing
Ransell,Davidovsky,(812) 5705798,564 West Street
Randell,Mounch,(283) 8865137,85 Carioca Alley
Goran,Antley,(587) 7114791,9 Spaight Point
Avigdor,Manthorpe,(966) 8675535,88 Merry Trail
Hersh,Toke,(691) 8260499,87315 South Lane
Gasper,Montilla,(773) 3554721,518 Hoepker Plaza
Maurizio,Canton,(741) 6520256,0 Autumn Leaf Avenue
Kipper,Tregidgo,(460) 5312857,5 Lotheville Way
Mackenzie,Oliphant,(147) 1007264,835 Marquette Circle
Jean,Josselson,(671) 3833514,603 Stuart Road
Iggy,Esparza,(245) 9293495,0 Welch Trail
Ibrahim,Mandy,(698) 7198413,924 Morrow Terrace
Ozzie,Atcherley,(102) 6874527,680 Trailsway Court
Edik,Shovelin,(731) 6533070,6 Evergreen Drive
Meredeth,Royden,(533) 5884745,74703 Gateway Parkway
Alistair,Milburn,(802) 4367391,8 Harbort Park
Lucius,Budgett,(129) 7998532,54661 Forest Run Terrace
Barrett,Goody,(440) 2336314,27946 Moland Park
Michal,Bingley,(915) 7295901,8 Grover Center
Benedetto,Kelbie,(344) 6465239,477 Ilene Trail
Andrus,De la Yglesia,(322) 5188243,47 Holmberg Parkway
Ragnar,Crus,(221) 4647941,172 Del Sol Junction
Wilburt,Lynn,(715) 5366952,61120 Kinsman Terrace
Sebastian,Laydel,(109) 6766820,11058 1st Lane
Berkeley,Isakovic,(886) 1022182,9982 Rutledge Crossing
Gasparo,Maria,(865) 6734895,68 Carioca Park
Yuma,Stolte,(314) 9497025,49 Eagle Crest Point
Wainwright,Hayton,(996) 2365185,3 Mccormick Trail
Frederick,Ager,(472) 4964735,95 Sutteridge Street
Emmet,Spoole,(474) 5971683,69205 Del Mar Alley
Ezra,Jagger,(872) 7162384,191 Pond Pass
Harper,Symon,(803) 1759436,013 Michigan Drive
Renaud,Owen,(676) 5450868,9 Linden Alley
Bendix,Harbidge,(614) 2246352,39 Southridge Way
Kenneth,Wykes,(718) 9859615,2491 Raven Trail
Tadio,Glanert,(364) 2715411,2 Claremont Plaza
Corbie,Huntly,(159) 5057624,254 Golden Leaf Center
Caesar,O'Doherty,(811) 4091193,2343 Donald Court
Brent,Fishly,(405) 9549430,2 Jenna Place
Jess,Sizland,(550) 4354270,96808 Golf View Hill
Edan,Staddon,(374) 1127581,11452 Bluestem Hill
Nate,Gisburn,(744) 5156299,12 Prentice Alley
Jeramey,Obey,(721) 2921701,785 Prairieview Center
Jamesy,Rasher,(676) 3666901,5311 Ramsey Point
Wilburt,Signe,(289) 6779428,744 Chive Place
Andrea,Hounsham,(102) 6616361,9326 Claremont Junction
Tabb,Bootman,(862) 1373740,928 Roth Terrace
Raynard,Tiddeman,(408) 4782786,3084 Lawn Terrace
Alonzo,Dimmack,(641) 5495175,8 Fairview Hill
Garreth,Creavin,(387) 7721532,684 Grasskamp Park
Cobb,Stelli,(281) 8348951,2 Fieldstone Road
Chrissy,Player,(935) 6986975,648 Sheridan Trail
Darrick,Metts,(451) 3276666,4 Claremont Park
Alexei,Klassman,(167) 8987665,54885 Iowa Alley
Dominique,Percifer,(503) 9419127,053 New Castle Street
Lorens,Merrell,(322) 4622580,958 Schmedeman Center
Sayres,Allsebrook,(869) 3540276,01 Vidon Terrace
Reid,Livings,(156) 3215857,12 Algoma Court
Curcio,Matterdace,(613) 7055541,82274 Ryan Circle
Michael,Fosh,(719) 6637133,33 Dawn Street
Malvin,Ayshford,(958) 9407101,90583 New Castle Parkway
Boonie,Everiss,(923) 2449631,62724 Bluestem Trail
Morey,Salla,(207) 8034695,5 Garrison Junction
Mendy,Schneidau,(573) 4402123,983 Bartelt Way
Barnabas,Shillan,(114) 2476377,8 Cordelia Way
Grannie,Rowcastle,(184) 5818170,7835 Ryan Parkway
Gregoire,Pennrington,(208) 3209603,9 Golf Trail
Alexio,Rudolfer,(865) 3030985,444 South Circle
Arney,Smorthit,(454) 1724788,5636 Ridgeview Lane
Ollie,Adlington,(707) 9623828,6 Village Green Street
Osbourn,Toohey,(879) 3123953,52 Express Pass
Maximilian,Dillet,(131) 2560222,85438 Sutherland Way
Ev,Farndale,(342) 8452026,101 Oxford Junction
Erhart,Dobell,(497) 8215505,4 Scott Park
Chancey,Fewlass,(613) 2658361,316 Hermina Alley
Merrill,Karleman,(455) 7144559,51 Nobel Parkway
Milt,Brandone,(720) 8956798,003 Mendota Point
Rosco,Cleverly,(648) 2577479,63556 Pawling Lane
Mattie,Osban,(351) 2325086,882 Hovde Pass
Kliment,Pickford,(367) 7242610,7 Miller Road
Georges,Pavie,(278) 7881014,41 Cambridge Terrace
Cleve,Kulis,(649) 6372942,02689 Vera Trail
Lauren,Crinage,(428) 7836157,96 Evergreen Terrace
Hubert,Beevens,(654) 6225322,99 Lindbergh Place
Carr,Allatt,(188) 9484768,765 Lerdahl Trail
Zachary,Tummasutti,(378) 1198300,641 Esker Center
Davy,Calderonello,(919) 1144312,114 Independence Plaza
Boothe,Kastel,(381) 2625346,52 Huxley Road
Leroi,Slark,(718) 6038448,60 Fulton Hill
Kim,Haglinton,(672) 9154636,38 Coleman Road
Mac,Kincey,(552) 8707708,45782 Summit Road
Desmond,Waterhous,(495) 3867202,0 Clyde Gallagher Terrace
Isacco,Baine,(769) 4382978,23626 Emmet Street
Brendin,Greenset,(762) 1680487,5 Mosinee Avenue
Colman,Esterbrook,(662) 3857088,7786 Esch Junction
Pennie,Jurczak,(646) 2395617,4951 Wayridge Circle
Myron,Dublin,(964) 9862542,2033 South Street
Theodoric,Webster,(165) 5011535,7 Leroy Point
Stanislas,Chrystie,(133) 5889871,51783 Forest Parkway
Valentine,Fearnyhough,(784) 9066017,6 Eastwood Terrace
Burtie,McHenry,(944) 3151826,27688 Independence Pass
Jermain,Perrottet,(373) 1248992,1242 Bartelt Park
Robbert,Bartels,(434) 7270512,2 Pearson Street
Stanislaus,Whitelaw,(443) 9642520,75157 Duke Pass
Waylin,Merwood,(586) 8240415,366 Mcguire Crossing
Gabi,Bilbee,(609) 9930334,62686 Schurz Parkway
Terencio,Phripp,(120) 4463517,08 Fairview Parkway
Elbert,Methuen,(262) 6959441,28045 Clemons Parkway
Fabien,Dearsley,(309) 6001599,8 Rieder Drive
Denney,Erwin,(729) 4199865,67 Marquette Center
Ryley,Longford,(375) 5664928,311 Bobwhite Parkway
Orrin,Cogley,(105) 7231173,2744 Buhler Circle
Hugo,Tootell,(892) 3293548,45394 Macpherson Alley
Hymie,Francescone,(375) 9845608,4 Eliot Hill
Caspar,Dawid,(820) 6449667,792 Debs Trail
Ber,Padbury,(413) 8245054,1 Redwing Alley
Donnell,Skene,(129) 8709005,75322 Bunting Parkway
Del,Maiden,(419) 3159730,00736 Northfield Crossing
Jethro,Hawken,(168) 3672449,654 Oak Valley Place
Avery,Pesselt,(683) 9362692,1 Toban Avenue
Alaster,Allitt,(301) 4655517,13554 Algoma Center
Godfree,Tremblet,(666) 7701711,757 Fulton Lane
Baily,Vasilchikov,(674) 3353876,5137 Hayes Crossing
Averill,Presser,(865) 3466677,5527 Nancy Circle
Michele,Matyas,(895) 6546849,9 Thierer Drive
Yurik,Cardenoso,(340) 8934474,80 Declaration Lane
Dwain,Lyddy,(619) 8118082,123 Oak Terrace
Silvano,Bonniface,(449) 2449265,054 Monument Street
Daren,Delbergue,(827) 4915216,06 Logan Center
Ogden,Tortoise,(105) 9062803,9809 Grasskamp Pass
Eward,Gibbe,(476) 2249674,643 Muir Avenue
Temp,Syres,(772) 4389407,297 Vidon Drive
Kermie,Najafian,(140) 4061281,4843 Cody Point
Elbert,Nickoll,(689) 8291654,876 Coleman Way
Luke,Gowdie,(507) 5386482,8901 Chinook Center
Hermon,Ellens,(365) 1150255,80430 Mallard Place
Waylon,Belverstone,(654) 2543308,65 Texas Drive
Brent,Ingree,(366) 4041075,29181 Rowland Junction
Ludvig,Frostick,(671) 8471294,419 Katie Court
Ware,Hubbock,(657) 3122593,85653 Holy Cross Street
Garrott,Odeson,(108) 2530828,2 Waubesa Circle
Denis,Cuniffe,(123) 3009171,90 Everett Pass
Norrie,McLurg,(254) 9492690,35792 Muir Center
Thor,Judd,(234) 3913886,09296 Vahlen Way
My,Estcot,(602) 7524910,59235 Ridge Oak Terrace
Malachi,Tweedie,(394) 9232868,9 Barnett Parkway
Blayne,Aspinal,(816) 3358627,5 Warbler Crossing
Baxy,Bisatt,(739) 7125002,40 Manufacturers Drive
Gar,Arnowicz,(994) 8465670,10 Tennessee Court
Marijn,Wrettum,(458) 1248940,42 Superior Court
Brucie,Sandbach,(709) 2838652,11 Hooker Pass
Darin,Loving,(293) 4576038,7 Oak Valley Street
Goddart,Greenhowe,(298) 2780265,71716 Village Terrace
Berkley,Phillcox,(924) 6473280,510 Fisk Junction
Bronnie,Voyce,(702) 9141170,4 Burning Wood Junction
Dannel,Eldridge,(472) 1405948,193 Heath Court
Andras,Salt,(901) 6900147,1139 Gerald Point
Cleon,Habard,(605) 9549569,0473 Fair Oaks Terrace
Robb,Kettley,(209) 5482483,459 Summerview Junction
Barton,Lyne,(300) 6716561,54287 Talisman Avenue
Bail,McComish,(699) 6589975,934 Charing Cross Point
Eric,Cicutto,(308) 4528480,5 Cascade Junction
Lemmie,Allanby,(268) 8269702,9 Hoepker Way
Cecilius,Boggon,(282) 7788921,3454 Mockingbird Way
Aldon,Boldecke,(939) 7982954,16920 Blackbird Center
Antin,Speed,(190) 6183011,88917 Bowman Parkway
Ransell,Childs,(486) 6594785,06507 Doe Crossing Center
Haley,Villa,(374) 2355368,7107 Packers Terrace
Torin,Paxman,(681) 7541490,88 Lighthouse Bay Park
Ariel,Pitceathly,(873) 2313543,4 Morning Crossing
Sheridan,Skarin,(288) 1289056,5720 Lakeland Plaza
Dunn,Dumbarton,(826) 7136274,26563 Northland Terrace
Beale,Codling,(116) 5402689,93656 Sunnyside Park
Maurise,Boom,(865) 1682789,02 Kedzie Trail
Desmund,Ridwood,(298) 5713391,9 Merchant Park
Kingsly,Brownscombe,(871) 5788127,1579 American Terrace
Onofredo,Gravestone,(157) 4630089,8 Elgar Place
Padraig,Rowcliffe,(159) 6720885,85 Vidon Parkway
Tadd,Davidof,(247) 6163220,0500 Pawling Junction
Warden,Lock,(160) 5967654,874 Hoffman Pass
Clare,Downing,(976) 9316653,65 Schiller Parkway
Barry,Yeomans,(880) 1721488,0 Forest Run Court
Jacques,Iggo,(350) 9534453,4 Becker Alley
Garry,Rigolle,(533) 1949520,8529 Summerview Street
Booth,Rosenberg,(981) 4492949,6044 Lotheville Parkway
Sherwin,Motion,(290) 4336600,545 Pond Park
Maury,Krysztofowicz,(414) 8781785,89 Mallory Plaza
Bryan,Maundrell,(374) 6602483,38 Holy Cross Junction
Tomas,Wrench,(399) 2726892,3417 Texas Pass
Garwin,Lockley,(784) 5349540,0754 Welch Circle
Rancell,Hamby,(437) 7923691,8210 Delaware Plaza
Constantino,Camings,(169) 3197881,78 Pearson Street
Marven,O'Crigane,(431) 7492799,4 Susan Lane
Vinson,Hercock,(970) 7454588,7690 Lerdahl Terrace
Gorden,Lansdale,(141) 1240038,96 Graceland Way
Antonius,Puckring,(691) 6939802,6 Tennyson Road
Corby,Borres,(290) 3926922,1577 Wayridge Terrace
Luther,Borgars,(182) 2083916,01 1st Trail
Rudd,Inker,(104) 1961012,81839 Packers Way
Holt,Batistelli,(905) 1241856,06 Autumn Leaf Park
Kele,Cullrford,(889) 1197450,3454 Fulton Terrace
Arlin,Magwood,(706) 3202055,61777 Kensington Drive
Cecilio,Amburgy,(793) 5197578,18966 Browning Way
Hy,Thundercliffe,(419) 6024890,150 Lawn Parkway
Emlyn,Mitchinson,(411) 6881544,01328 Leroy Place
Christiano,Chubb,(389) 4567531,3 Hallows Pass
Siffre,Rummings,(964) 3670416,84 Arrowood Hill
Clayson,Haddow,(506) 5637598,69687 Homewood Alley
Zollie,Risman,(197) 8628801,11405 Shopko Terrace
Reggy,Sellar,(191) 8755516,9 Upham Terrace
Elvin,Grayshan,(460) 1052040,65 Ridgeview Park
Vladimir,Blight,(992) 9899400,305 Warbler Avenue
Mac,McCluin,(661) 9109519,45 Karstens Road
Chan,Happel,(167) 3897075,7 Rockefeller Center
Dov,Evered,(610) 2782908,13 Linden Point
Chicky,Troyes,(200) 8147816,7742 Ryan Hill
Ryley,Lyst,(157) 4501938,4512 Londonderry Point
Sammy,Bardey,(851) 3570728,72 Golden Leaf Street
Konstantin,Lepoidevin,(587) 7147146,65 Portage Drive
Nathanial,Brims,(935) 5395762,5855 Mayfield Alley
Derron,Dollimore,(173) 8505095,41 Dahle Pass
Dewitt,Cridlin,(982) 6194055,114 Eagle Crest Alley
Reginauld,Muldownie,(433) 4997338,7337 Twin Pines Terrace
Friedrick,Jelphs,(490) 7799086,425 Mendota Hill
Early,Andrioletti,(773) 9967241,2782 Lunder Center
Wyatan,Canner,(697) 2759222,1 Donald Plaza
Sawyere,Tzarkov,(754) 4238031,5 Morrow Plaza
Haydon,Boness,(881) 1846790,931 Pearson Trail
Pierce,Wraggs,(518) 8368830,01 Green Ridge Junction
Corny,Teideman,(327) 3898292,38 Gateway Place
Demetris,Gruszczak,(926) 2845618,6 Blaine Place
Bengt,Berkowitz,(166) 4701927,21190 Schurz Point
Brett,Klisch,(201) 7273584,6 Sauthoff Crossing
Fraser,Rodolico,(938) 5039788,6143 Pierstorff Street
Alberik,Dilks,(947) 4319647,97438 Mcguire Pass
Michel,Blakebrough,(473) 9063363,4027 Jay Lane
Archie,Caine,(654) 6423978,174 Welch Junction
Pace,Nutbean,(819) 4553431,3899 Nova Plaza
Gerhard,Wildish,(878) 6539028,0 Crest Line Way
Phineas,Haskett,(187) 2202648,308 Arkansas Lane
Nate,Branni,(509) 8924899,37 Hauk Crossing
Leonhard,Liddy,(707) 7936110,17850 Crownhardt Crossing
Flynn,Demongeot,(281) 2454340,1720 Cherokee Avenue
Trumann,Blunsden,(188) 8701956,942 Warbler Lane
Franchot,Meacher,(676) 4320535,18704 Anthes Alley
Yancy,Butfield,(686) 9616670,68062 Porter Trail
Titus,Prigmore,(943) 9359000,80 Nancy Junction
Alvan,Christal,(535) 6160923,9425 Laurel Drive
Keenan,Christoffe,(527) 8637951,17 Vidon Trail
Giusto,Muckley,(660) 3058769,92 Grasskamp Street
Hermie,Bedson,(467) 6583661,5 Meadow Valley Way
Paulie,Metcalf,(531) 6691400,85554 Truax Park
Rickie,Howlin,(299) 5109922,7733 Vera Street
Archaimbaud,Landal,(113) 8258544,96222 School Avenue
Ugo,Mapother,(431) 8015695,655 Ridgeview Drive
Al,Scoyne,(783) 1705069,1 Jay Court
Carlyle,Rabbatts,(222) 5418395,9 Doe Crossing Trail
Christy,Kirkup,(223) 3361555,98 Marquette Crossing
Ricoriki,Stillgoe,(793) 7013169,29 Twin Pines Circle
Christopher,Szymoni,(564) 6788019,54270 Lillian Avenue
Garv,McCluney,(353) 2893986,28940 American Center
Seumas,O'Sheilds,(302) 2217524,0 Kim Park
Bancroft,Grube,(770) 5432739,0 Buena Vista Trail
Ade,Arthey,(276) 4716019,813 Arizona Park
Freeland,Mitkcov,(629) 6789819,94 Hansons Drive
Mano,Mc Ilory,(827) 6424081,52398 Debs Road
Sibyl,Cadden,(400) 2092634,891 Towne Pass
Enos,Gainor,(965) 9110752,88 Cody Pass
Seth,Lavalde,(672) 1077638,0844 Talmadge Place
Yorke,Whoston,(804) 3041749,75 Farmco Place
Buck,Lohering,(248) 8653517,71915 Northwestern Way
Edsel,Ridger,(559) 7743451,51963 Autumn Leaf Junction
Demetre,Grima,(320) 5239790,59 Eastwood Pass
Kahaleel,Byrd,(319) 6258866,5 Eagle Crest Way
Emelen,Birkenshaw,(161) 6112163,30 Miller Alley
Caleb,Gleeson,(637) 2037511,6 Welch Avenue
Stevy,Gregory,(935) 2225570,5 Lake View Pass
Wilmer,Thaw,(690) 8041328,63 Crescent Oaks Trail
Hermon,Riggulsford,(381) 3271534,2628 Evergreen Trail
Shepherd,Scrowson,(702) 1223377,653 Eliot Park
Jeramie,Murdie,(415) 9533252,64 Killdeer Point
Hagan,Gillingwater,(449) 1619803,0466 East Crossing
Dewey,Lavallin,(587) 7724144,913 Reindahl Road
Eward,Schelle,(607) 5728116,229 Logan Point
Cesar,Adshede,(704) 9415776,776 Ilene Way
Dov,Hambelton,(988) 5811642,032 Sutherland Trail
Brendis,Dyball,(211) 2566827,3 Mifflin Parkway
Waldo,Vaulkhard,(508) 1115573,4949 Rigney Road
Jake,Marcome,(560) 2740778,9 Pepper Wood Drive
Oliviero,Maplethorp,(216) 6097259,61 Ridgeway Street
Zelig,Meecher,(174) 9288889,76190 Bayside Road
Claiborn,Burtwell,(468) 7989687,3342 Elgar Trail
Patty,Eilles,(486) 5401742,9440 Dakota Park
Thaddeus,Breedy,(838) 4703081,2 Miller Avenue
Beale,Dewane,(393) 8219571,94620 Thompson Road
Bryn,Topping,(321) 1901776,78 Mockingbird Park
Aguistin,Isacsson,(374) 6660103,160 Quincy Parkway
Roth,Sturdey,(504) 3735753,37025 Heffernan Road
Huberto,Hammerberger,(273) 1908679,3 Cody Pass
Tannie,Damrell,(120) 6778113,18136 Spaight Hill
Hayes,Hookes,(326) 2562295,5 Holmberg Park
Farlay,Dearnly,(670) 4113172,74168 Carey Avenue
Ferdinand,Dreus,(664) 5401654,3427 Esch Street
Guss,Radmore,(260) 1039946,04 Artisan Avenue
Konrad,Beauchamp,(679) 7144254,5 Lindbergh Place
Papageno,Baton,(757) 9755984,65 Judy Pass
Ellerey,Odgaard,(442) 9449760,24 Calypso Center
Wilhelm,Trevillion,(989) 1674872,787 Independence Point
Harwilll,Lukianov,(749) 3862327,579 Montana Way
Francesco,Ballintime,(483) 3159662,717 Cordelia Place
Clark,Bilsland,(447) 8957984,40 Gulseth Center
Tyson,Kimbell,(694) 4138190,57 Kenwood Alley
Lind,Menichino,(225) 8349339,1817 Barby Road
Sam,Dalyell,(103) 9545935,373 Hansons Hill
Wiley,Sambidge,(244) 3664918,50083 Jana Circle
Abram,Hesey,(618) 3244173,3264 Bartelt Drive
Remington,Culross,(579) 1470721,96481 Morning Junction
Reginald,Cosgrave,(388) 6905357,4 Grover Junction
Jerad,Greenough,(166) 4116574,59197 Kingsford Lane
Quincy,Bitten,(991) 7248247,9 Emmet Trail
Manuel,Wilden,(159) 6916217,100 Sage Trail
Georgie,Weavill,(176) 3595961,680 Springview Park
Eamon,Rofe,(598) 7411212,2 Green Ridge Point
Matteo,Gobel,(713) 5087507,69 Schiller Way
Jose,Gerrelts,(395) 7227903,393 Schlimgen Avenue
Glynn,Sirl,(726) 7095598,1 Grayhawk Drive
Teador,MacInerney,(970) 4902584,58085 Larry Lane
Donny,Blasik,(278) 6279724,8702 Trailsway Terrace
Hebert,MacGauhy,(318) 7594499,7 Ryan Way
Donal,Hannay,(706) 7960194,2 Bay Circle
Adolf,Rackam,(704) 9123896,57865 Trailsway Parkway
Gregoor,Abson,(793) 3386698,9 Bultman Pass
Stu,Batchelour,(545) 1720209,657 Stone Corner Place
Tobit,Bartosch,(393) 7325747,230 8th Pass
Raff,Perell,(775) 4246406,55344 Corben Point
Ermanno,Barnwell,(832) 1447847,4046 Pennsylvania Court
Orin,Stirman,(927) 3992497,96746 Kedzie Point
Meier,McPeck,(571) 9974621,79 Moose Pass
Damian,Matteoni,(113) 8556914,170 Towne Plaza
Rudiger,Oldrey,(652) 1378443,47897 Maple Lane
Marshal,Drennan,(637) 3943090,7 Michigan Terrace
Lothaire,Emma,(246) 9828627,51831 Main Street
Jammal,Adelsberg,(891) 6088573,980 Del Mar Alley
Ewen,Roselli,(517) 4142266,213 Darwin Court
Theo,Skelcher,(460) 4624877,8151 Spaight Street
Stuart,Deniso,(990) 4861163,0 Hanson Junction
Gualterio,Lidierth,(625) 8169021,16664 Steensland Trail
Obadiah,Blasio,(684) 5607094,548 Ryan Circle
Cirillo,Pitcher,(992) 7723106,42 8th Parkway
Arthur,Manuely,(634) 3089032,90 Jana Terrace
Si,Alltimes,(679) 6031186,87 Heffernan Avenue
Lincoln,Brewood,(233) 2633206,5 Hallows Parkway
Pavlov,Schafer,(503) 8441288,290 Alpine Lane
Cordy,Graver,(908) 6696078,5 Division Way
Forrest,Kendle,(117) 3857103,65 Pankratz Center
Richardo,Doble,(343) 7880008,03567 Pond Park
Jedidiah,Hourican,(573) 5310342,60019 Pond Crossing
Spenser,Meehan,(125) 1923128,344 Golf Course Place
Syd,Naismith,(667) 3801653,39 Ronald Regan Hill
Constantino,Pavie,(841) 5153110,65 Farmco Road
Hi,Cultcheth,(968) 2730324,8 Oak Valley Avenue
Raphael,Gidney,(576) 9197370,4064 Dunning Terrace
Ferguson,Camden,(231) 1737381,9601 Walton Point
Godfrey,Ivins,(566) 3012938,02946 Valley Edge Place
Colby,Boyson,(541) 4409636,7 Upham Trail
Sherwood,Luty,(551) 5356267,110 Mosinee Lane
Boyce,Widdup,(720) 6112245,16 Sachtjen Street
Roderigo,Aingel,(482) 3975513,6660 Mosinee Lane
Mattias,Wellum,(205) 2124070,24101 Brown Circle
Orv,Rankmore,(696) 5960620,624 Grim Lane
Benoit,Haruard,(597) 5374915,62 Village Crossing
Benoit,Chesley,(466) 2022621,070 Thierer Avenue
Gradeigh,Von Brook,(840) 5435064,3 Carberry Plaza
Sherm,Knotton,(668) 6340710,55689 Darwin Center
Whit,Stennett,(478) 6913686,083 Sunbrook Drive
Gerri,Pawlicki,(854) 9370910,4536 Scoville Drive
Billie,Blumfield,(463) 8388159,415 Welch Drive
Wyndham,Costall,(721) 7478613,643 Old Shore Court
Sterne,Piatto,(751) 5859451,58637 Chive Point
Worden,Monnoyer,(963) 3881021,3211 Bellgrove Crossing
Wainwright,Abramson,(933) 9742822,834 Milwaukee Junction
Gareth,Dewi,(936) 6398811,9 Straubel Point
Keen,Ludewig,(560) 8098304,97 Holy Cross Court
Eugen,Loffhead,(185) 7733793,31 Little Fleur Plaza
Tobias,Altree,(881) 3880021,0362 Norway Maple Avenue
Cary,Gravie,(904) 4649091,5112 Cherokee Way
Al,Aggis,(243) 7950393,69156 Iowa Terrace
Lodovico,McNabb,(594) 2164197,40 Maple Wood Street
Urban,Willshear,(872) 5408111,44696 Clarendon Court
Deane,Eldredge,(291) 7318590,8131 Mayfield Road
Dene,Friel,(602) 5095348,74674 Elgar Plaza
Augusto,Jarratt,(502) 3371933,296 Crowley Circle
Sidnee,Spall,(548) 9107086,0871 Nobel Way
Leigh,Challiss,(430) 2415735,6 Heath Trail
Sol,Toretta,(322) 9370497,6 Jenifer Pass
Porty,Boulde,(376) 3561032,01375 Luster Lane
Thorstein,Karlicek,(634) 9192508,364 Cottonwood Park
Aldin,Shelley,(316) 2386010,29763 Lawn Crossing
Constantine,Isaacson,(816) 9192566,5009 Larry Way
Brander,Brislane,(658) 8440784,2 Roxbury Avenue
Richart,Braxay,(738) 6453136,08439 Stone Corner Pass
Hendrick,Stockport,(167) 5950352,45 Bay Center
Arlin,Kilminster,(113) 1212935,03247 American Trail
Jarrad,Kleinmintz,(880) 7246996,09 Bluestem Drive
Dukey,Dyde,(891) 4920673,7 Northridge Road
Alick,Duckinfield,(992) 9724863,48 Ronald Regan Street
Zeb,Statham,(902) 2052109,36768 Sunnyside Avenue
Isak,Paolinelli,(484) 5927823,8 Debra Avenue
Xever,Molineaux,(396) 3607935,7374 Merry Trail
Ban,Blaymires,(924) 8297852,53 Jenna Drive
Alexandre,Corgenvin,(871) 8706627,93 Homewood Terrace
Dev,Fitzsymons,(938) 4998892,0376 Farragut Hill
Ellary,Calbreath,(179) 7321284,2124 Maple Wood Trail
Fonzie,Doerling,(379) 8263307,1034 Ridgeview Crossing
Welby,Shovlar,(375) 7833522,666 Bunker Hill Plaza
Everard,Wicken,(946) 6253516,576 Stuart Circle
Meier,Nucciotti,(836) 3123000,643 Hoffman Junction
Burty,Degoix,(420) 6034050,38 Cascade Court
Hadleigh,Bramley,(812) 3608389,04129 Washington Trail
Seymour,Chinnock,(787) 9729905,09 Twin Pines Park
Larry,Capnerhurst,(402) 4764817,7 Fisk Plaza
Barn,Petraitis,(602) 4297850,18 Veith Lane
Wilton,Cosyns,(387) 3415833,07983 Mosinee Plaza
Hart,Scates,(725) 7138917,0 Anderson Trail
Travers,Ewestace,(355) 1863291,288 Westerfield Parkway
Jarib,Claisse,(479) 6216647,95 Kropf Drive
Kerk,Borgne,(588) 1529080,933 Surrey Lane
Zach,Mozzi,(359) 9772037,14856 Sutherland Avenue
Cullie,Azema,(975) 6639814,2323 Mandrake Lane
Redd,Atwool,(399) 5164752,810 Jana Pass
Tristam,McCunn,(331) 7601350,65 Eliot Parkway
Timothy,Hadwin,(544) 4089007,960 Vernon Drive
Lazare,MacGiolla,(262) 3336029,6 West Hill
Armand,Bottell,(766) 7918165,7658 Prairie Rose Lane
Win,Tilio,(194) 7088826,1 Jenna Junction
Wat,Dowty,(708) 9830103,1052 Tony Parkway
Dill,Loblie,(349) 8800253,2036 Eagle Crest Road
Boothe,Maps,(495) 8311018,91 Northwestern Plaza
Jock,Gossan,(724) 6501880,1044 Lillian Drive
Norry,Sowten,(681) 2410391,85408 Kim Pass
Titos,Goodban,(196) 1144534,157 Monterey Alley
Nate,Arnaut,(340) 2733347,497 Elka Way
Ryun,Armin,(908) 9890655,05 Hayes Terrace
Hanson,Kingett,(878) 3142663,3698 Pepper Wood Junction
Marwin,Parell,(626) 4017252,72 Hudson Point
Hunter,Pail,(585) 8251293,6099 Forest Circle
Gradeigh,Veitch,(762) 4646207,164 Prairie Rose Road
Gasper,Rodway,(623) 9998011,4649 Lawn Alley
Zeke,McGibbon,(704) 2077409,4 Helena Street
Eldin,Lisciardelli,(910) 7656921,178 Westridge Terrace
Falito,Larne,(470) 1645864,21361 Menomonie Hill
Nicky,Caulket,(824) 5237327,085 Drewry Avenue
Myron,McMurdo,(770) 1903157,52 Sugar Terrace
Feliks,Franca,(708) 8146994,1 Arapahoe Way
Aloysius,Borrows,(845) 9739889,3618 Milwaukee Point
Reamonn,Kytter,(372) 7385320,2 Holmberg Pass
Law,Fairlam,(859) 9853497,5933 Grasskamp Junction
Renato,Hulbert,(652) 6212163,48 Esch Lane
Benedikt,Murrison,(820) 7520841,8091 Merchant Street
Gerri,Greated,(164) 2282707,59 Grim Hill
Pembroke,Mogg,(698) 9631620,9648 Hoepker Crossing
Zerk,Synnot,(554) 8860788,5 Claremont Avenue
Ring,Duffrie,(732) 9282514,906 Hovde Alley
Erasmus,Scotchmor,(802) 1942791,27132 Lakewood Gardens Place
Land,Pennuzzi,(721) 8415045,08 Jana Hill
Riobard,Woodworth,(516) 7847410,57985 Kedzie Pass
Tristan,Ivachyov,(972) 2550382,1 Pawling Place
Ariel,Crittal,(262) 9292403,628 Main Pass
Corey,Simukov,(693) 1293192,8520 Lighthouse Bay Court
Bendix,Fazakerley,(697) 6089868,615 Farragut Court
Tannie,Drohane,(762) 8866282,121 Arapahoe Road
Ximenes,Bradbury,(904) 3435121,2785 North Crossing
Gerik,Aaronson,(556) 5902451,3 Welch Place
Ryan,Delle,(908) 5748884,47 Bashford Circle
Meryl,Taleworth,(135) 2444174,4162 Loftsgordon Circle
Cullin,Crallan,(147) 6095791,95 Waubesa Park
Stephen,Wickins,(158) 6026655,41 Dennis Road
Brandtr,Dykes,(238) 4286943,95998 High Crossing Road
Jock,Stillwell,(494) 4618002,34 Stang Way
Winn,Yandle,(426) 5132606,542 Coolidge Way
Shane,Mayhew,(803) 5787322,866 Moose Circle
Peyter,Loughton,(162) 8601880,355 Dahle Way
Andras,Ludlom,(633) 4606508,499 School Road
Rutter,MacGillivrie,(392) 5269924,01 Meadow Valley Point
Jervis,Backen,(344) 4231249,07590 Mandrake Road
Uriel,Rubury,(952) 7774426,9674 Dahle Court
Guillaume,Phethean,(358) 2918696,454 Anzinger Parkway
Rollo,Minguet,(102) 1482089,277 Blaine Alley
Rafaello,Weadick,(471) 3731950,3957 West Pass
Tam,Venart,(381) 7580175,6870 Melby Street
Gregg,Parsons,(461) 7529825,32 Heath Center
Tammie,Sinderson,(865) 4572159,5671 Carberry Drive
Kalil,Ainsbury,(347) 5898632,4098 Nancy Crossing
Caz,Walstow,(214) 5821561,91 Rusk Terrace
Abbott,Gilstoun,(636) 9807547,41322 Swallow Street
Yule,Estable,(420) 1096278,70509 3rd Drive
Giustino,Rolfo,(183) 8273872,8 Lakewood Gardens Court
Godfrey,Skrines,(318) 7345984,277 Sauthoff Alley
Benjamin,Ferneley,(996) 2723495,8 Springview Point
Barr,Morphew,(478) 5123840,782 Saint Paul Center
Carlyle,Apfelmann,(156) 7422128,5429 Charing Cross Crossing
Micah,McMains,(463) 2851598,7 Annamark Crossing
Manuel,Stovine,(509) 7733086,07478 Mosinee Center
Haskell,Quemby,(504) 3614621,38 Warbler Hill
Travis,Bennington,(762) 1395866,47 Old Gate Drive
Arlen,Tapner,(425) 3256883,853 Blue Bill Park Trail
Sayre,Minifie,(771) 7831540,5986 Sage Street
Ogdon,Meffin,(692) 8735955,73 Kennedy Avenue
Sigvard,Doctor,(167) 8747653,79285 Judy Plaza
Judas,Pretley,(439) 9506630,30 Marquette Way
Skipp,Monson,(184) 6151408,0786 8th Circle
Sanders,Raun,(981) 6203487,7739 Burning Wood Avenue
Irv,Condict,(225) 3459813,2446 Northview Hill
Gasper,Carnow,(825) 7720560,0021 Kings Alley
Olag,Hinckley,(640) 4577770,3 Donald Terrace
Elsworth,Peppin,(410) 2063584,948 Mayer Street
Paulie,Ciepluch,(516) 1278131,23293 Merry Alley
Jock,Ranstead,(322) 5021124,5007 Mockingbird Court
Caspar,Maddox,(682) 4472438,097 Prairieview Parkway
Serge,Labram,(156) 8261530,286 Nevada Trail
Job,Mathers,(985) 3751947,59 Kennedy Way
Sammie,Sher,(757) 6483258,14 Roth Street
Dru,Oluwatoyin,(856) 3245974,6185 Valley Edge Drive
Kleon,Gian,(919) 5031492,54200 Iowa Alley
Killian,Glaum,(299) 7658022,5 Reinke Terrace
Mordecai,Tropman,(380) 3759269,57 Waubesa Terrace
Tye,Rittelmeyer,(979) 2914889,73206 Gulseth Place
Aldis,Penwell,(648) 4283655,67381 Mcguire Street
Miner,Head,(534) 1021795,8 Paget Point
Abbie,O'Brogane,(945) 9919081,5844 Michigan Place
Pace,Filpo,(972) 2876707,0 Ludington Way
Augie,Eastabrook,(617) 8485636,805 Magdeline Lane
Rickey,Rubes,(329) 4555133,3578 Erie Point
Archibold,Reisin,(655) 2945650,2 Oakridge Way
Jonathon,Hugill,(348) 5104364,49 Bowman Road
Sammy,Colaton,(633) 3592245,918 Nova Place
Cal,Kinton,(444) 5740906,771 Shopko Court
Raimund,Iffe,(859) 7843687,24 Village Green Pass
Robbert,Dorsey,(138) 7803850,965 Shasta Circle
Quill,Bohlmann,(724) 5964147,92 Columbus Court
Kaine,Twoohy,(535) 6450878,963 Prentice Court
Bowie,Casbon,(853) 8055004,2827 Cherokee Way
Clint,Sottell,(144) 1970006,55 Fallview Avenue
Bryon,Forsyth,(544) 8359521,833 Victoria Plaza
Pinchas,Brodbin,(889) 8042559,0969 Clyde Gallagher Pass
Paton,Giacaponi,(161) 7427702,32 Maple Hill
Guthrie,Bruton,(808) 2275587,33012 Logan Point
Mario,Dutch,(134) 5286554,6 Superior Street
Yorke,Lydon,(552) 4575024,01 Eastlawn Pass
Sauveur,Jowle,(742) 1986617,474 Superior Court
Rodger,Dadd,(506) 6643719,17623 Golf Avenue
Lonnie,Van den Broek,(355) 1571179,11462 Bunker Hill Point
Codie,Kondratyuk,(640) 7235465,852 Stuart Hill
Ewart,Jirak,(892) 8154665,7 Bonner Parkway
Jimmie,Costell,(257) 4711235,0 Erie Trail
Nigel,Cunradi,(387) 2822984,20815 Dayton Crossing
Jaye,Howle,(788) 4258464,43321 Banding Place
Averell,Espinel,(354) 5615859,6 Meadow Valley Alley
Lamond,Andriuzzi,(966) 4501727,9367 Di Loreto Place
Goraud,Smallsman,(481) 9510441,089 Di Loreto Street
Heath,Tomashov,(437) 6093294,7120 Stang Place
Marietta,Cahillane,(499) 9543917,41097 Warrior Street
Garrek,Shepherd,(475) 5263209,23960 Summer Ridge Road
Alexandre,Crowne,(955) 3235363,7793 Fairview Lane
Matias,Bisco,(129) 6480056,3 Iowa Road
Dougie,Bottleson,(235) 7304224,5 Mitchell Alley
Wilek,Dilley,(382) 4328146,7 La Follette Lane
Otis,Tregent,(231) 1849689,810 Utah Alley
Darryl,Walton,(376) 3562207,45342 Melby Way
Hubert,Fairley,(571) 1192557,1871 Arrowood Center
Jarvis,Beed,(255) 1016719,96351 Vernon Way
Leighton,Rudsdell,(493) 5028533,78758 Tennyson Alley
Cirillo,Braganza,(936) 2077665,47 Macpherson Hill
Humphrey,Cutmere,(965) 2379688,3 Independence Parkway
Nero,Ranyell,(330) 9151814,0912 Little Fleur Junction
Ramsay,Hartell,(190) 2185168,3507 Towne Court
Justen,Trinder,(951) 4128572,5226 Blackbird Plaza
Burton,Normaville,(177) 5478984,01605 Jana Center
Krispin,Pauly,(492) 5181332,95769 Amoth Hill
Thom,Ungerechts,(365) 8686984,24 Pennsylvania Plaza
Obediah,Walaron,(368) 7127128,13 Fuller Plaza
Abdul,Donalson,(489) 4442841,59 Pankratz Park
Whitaker,Harry,(436) 5785828,851 Goodland Court
Sebastian,Loyd,(726) 8776976,36 Fair Oaks Drive
Gabi,Pfleger,(900) 9297841,87784 Hovde Crossing
Rutherford,Haton,(781) 1158301,19 Everett Avenue
Frederich,Jovic,(654) 5939245,68069 Fair Oaks Park
Donnie,Lackney,(670) 2661867,5 Barby Center
Willy,Thorsen,(656) 6979318,3246 Northview Alley
Georgi,Colerick,(817) 7382619,56 Schmedeman Place
Reese,Ortiga,(881) 9620870,492 Golf Alley
Moe,Maunsell,(318) 4532592,19586 Red Cloud Road
Alex,Parkeson,(218) 1683447,2 Mendota Crossing
Kean,Graber,(292) 5018403,3 Westend Place
Abeu,Tureville,(871) 9908351,82 Riverside Plaza
Creight,Yakobovicz,(258) 9560246,53533 Elka Court
Kelsey,Lube,(712) 3301873,5820 Northwestern Point
Bryanty,Hove,(267) 2091485,198 Canary Circle
Nilson,Zanazzi,(618) 2513347,05 Prairie Rose Circle
Quincey,Spinige,(990) 5348887,5 Helena Way
Rainer,Blampied,(317) 1757162,176 Alpine Street
Thadeus,Sex,(717) 7378668,7 Hooker Street
Tann,Haly,(197) 2369724,02778 Hayes Center
Abbe,Wilne,(139) 9060754,97 Summer Ridge Terrace
Kalvin,Peery,(275) 9610803,24886 Pearson Crossing
Cassius,Mattisssen,(512) 3565543,88 Pond Alley
Haroun,Rozalski,(210) 3749604,97 Hansons Terrace
Hanan,Freddi,(487) 8159109,923 Lighthouse Bay Place
Arel,Summerfield,(869) 5302869,42 Marquette Trail
Rockie,Beers,(928) 7560228,344 Golf Lane
Newton,LeEstut,(970) 5143345,5100 Quincy Park
Arch,Byrom,(690) 3564278,50 Pennsylvania Plaza
Jerad,Prettjohn,(486) 8163855,07 American Lane
Bradly,Addess,(292) 1431518,97079 Bay Road
Luther,Egdell,(504) 7618828,65 Mandrake Alley
Aldwin,Healey,(766) 8239796,757 Debra Park
Vaughn,Reynoollds,(305) 9080915,13 Bluestem Parkway
Desi,Kyteley,(611) 2742310,67 Mcguire Lane
Aube,Christiensen,(693) 2657294,1198 Hagan Drive
Sauveur,Hardaway,(231) 7770809,48 Chive Pass
Antonin,Mitkin,(817) 9212127,44 Golden Leaf Road
Cheston,Kalkofen,(951) 6639255,09693 Lyons Pass
Jory,Penni,(297) 3921039,05435 Lakewood Gardens Junction
Mart,Toleman,(797) 1658256,8559 Shasta Pass
Mattheus,Willmett,(532) 8994523,811 Portage Trail
Jack,Blowin,(231) 4607403,735 Lien Court
Christoper,Eddies,(274) 7612415,85829 Caliangt Way
Diego,Janks,(676) 5619456,40923 Dennis Place
Adamo,Slocom,(276) 8309525,6129 Pond Place
Reube,Lydon,(796) 5062687,03331 Caliangt Center
Gustav,MacKonochie,(480) 6234179,76 Laurel Lane
Jonas,Heindrich,(686) 3633991,2811 Buhler Street
Irving,Callaway,(485) 3933056,58243 Dakota Place
Clementius,Colum,(214) 5068447,91513 Erie Street
Adolpho,Prime,(981) 3124960,9891 Morningstar Court
Ciro,Fedynski,(133) 8772157,80196 1st Court
Hastings,Gilston,(980) 7119988,03163 Transport Drive
Cammy,Bortoli,(297) 4870531,14109 Londonderry Parkway
Torrin,Twinterman,(903) 7630002,298 Evergreen Point
Goraud,Eckery,(955) 5719593,958 Sloan Terrace
Dietrich,Balthasar,(536) 2545275,014 Nancy Avenue
Enrique,MacGiolla,(145) 5758507,41123 Prentice Trail
Clarance,Kassel,(693) 6750739,71812 Tony Hill
Kareem,Monroe,(614) 6073852,2 Lighthouse Bay Place
Davin,McCue,(898) 5976436,47 Farwell Pass
Mikel,Lambrecht,(685) 5786311,0961 Meadow Vale Avenue
Kiley,Eplett,(298) 4227866,71018 Hollow Ridge Court
Murry,McGeagh,(217) 7384029,3 Mockingbird Court
Cleveland,Lilly,(615) 7401180,4969 Troy Place
Elton,Sheffield,(834) 1878954,53570 Nova Circle
Vlad,Leate,(457) 6824331,2056 Amoth Place
Chicky,Baynon,(423) 8574070,51 Dexter Plaza
Lambert,List,(318) 5818793,71473 Russell Center
Washington,Glasson,(933) 3308935,45666 Stoughton Road
Beniamino,Alenov,(198) 1718895,087 Montana Point
Laughton,Korf,(289) 2436840,4 Maywood Park
Malcolm,Lawie,(229) 5818270,211 Hauk Pass
Vito,Guthrum,(783) 3319548,53 Merrick Place
Rooney,Sennett,(877) 5239830,30486 Westend Park
Harris,Rayhill,(309) 3237081,1 Cherokee Pass
Iorgos,Filler,(966) 6198023,78222 Buell Pass
Oswell,Pringley,(295) 5723365,74965 Lotheville Street
Sandor,Jedrasik,(486) 8538941,1863 Redwing Plaza
Les,Durn,(366) 9071681,7 Springview Avenue
Emlyn,Arminger,(293) 8275410,3931 Reindahl Trail
Herby,Heinrici,(878) 5446809,4 Golden Leaf Hill
Gunner,Ilyinykh,(459) 6513635,626 Moland Alley
Hadleigh,MacGillacolm,(436) 3788234,23373 Debra Road
Goran,Charter,(229) 6464198,485 Dunning Road
Christophorus,Merrikin,(328) 6365404,20939 Superior Lane
Forbes,Sjostrom,(510) 6858125,4480 Northfield Trail
Abraham,Iacobetto,(422) 2030816,6790 Emmet Road
Stanislaus,Dantesia,(835) 6562386,41 Arapahoe Center
Stanford,Sheryn,(523) 9002284,6512 Golf View Point
Ase,Renols,(596) 6737779,56 Messerschmidt Junction
Kevan,Brisley,(592) 6499051,4806 Hooker Court
Cass,Burree,(995) 6976221,9689 Mockingbird Way
Gunter,Bassill,(519) 3962998,41913 Stephen Trail
Morey,Reuter,(760) 4089260,63 Troy Hill
Edwin,Loggie,(474) 8977974,01767 Clove Lane
Vaclav,Iffe,(570) 2763291,388 Hooker Alley
Alano,Stollberg,(940) 9316917,993 Banding Junction
Jecho,Weddell,(896) 2094509,2961 Northport Alley
Vic,Beazey,(258) 6803601,1114 Arapahoe Way
Rubin,Battell,(834) 3072982,11 Jenna Plaza
Darryl,Taffe,(885) 6769551,9 Shelley Road
Quintin,Birchenough,(149) 5252665,10094 Glendale Junction
Rab,Peggs,(488) 6310875,1 Beilfuss Junction
Alasdair,Damrell,(536) 9845015,84 Kenwood Junction
Wat,Klaggeman,(635) 6356074,8 Rusk Lane
Matthiew,Revans,(558) 7207649,112 Muir Lane
Waylon,Witham,(423) 9455969,60 Transport Crossing
Billie,Pizzey,(902) 1138391,5138 3rd Alley
Valdemar,Kamenar,(136) 7913367,66 Buhler Avenue
Gaultiero,Beevors,(114) 4712737,899 Stang Place
Gamaliel,Breedy,(250) 2326158,057 Fairview Street
Maximilianus,Mechan,(305) 5044808,1231 Longview Place
Herby,Westhofer,(228) 6665192,976 Schmedeman Point
Reube,Smidmor,(198) 6479578,0 Sheridan Center
Monty,Howcroft,(523) 5133588,3044 Aberg Court
Sandro,Sturm,(414) 7211594,2954 Oneill Drive
Lemuel,Matashkin,(288) 9609443,46 Monterey Crossing
Holly,Prydden,(699) 1539755,08064 Trailsway Center
Der,Athow,(162) 7527417,7 Commercial Hill
Constantin,Wynch,(458) 6339937,385 Bonner Lane
Hogan,Attenborough,(114) 9739411,060 Heffernan Hill
Nye,Pigdon,(974) 5019426,2 Gateway Terrace
Griff,Worrill,(304) 6570498,278 Riverside Alley
Artie,Orrock,(538) 6411918,0259 West Center
Pryce,Barbrook,(539) 3464053,385 Cody Plaza
Granny,Deards,(259) 3715293,12819 Melrose Avenue
Thom,Ormston,(376) 8218168,53101 High Crossing Circle
Munmro,Betts,(853) 5590317,27968 Amoth Terrace
Menard,Cridlan,(315) 7194557,47885 Buell Way
Sigvard,Grice,(213) 6338272,22588 Johnson Plaza
Remington,Giannoni,(361) 4065559,68569 Vernon Drive
Christophorus,Cosgrave,(844) 3094480,530 Mosinee Terrace
Sander,Roadnight,(726) 7356243,8393 Roth Street
Riccardo,Dudley,(809) 1929274,448 Memorial Avenue
Granville,Kembley,(571) 5027246,0373 Mifflin Alley
Wendall,Bingell,(999) 2842124,84 Kensington Terrace
Rod,Jordeson,(776) 1971496,09 Becker Circle
Shayne,Liddicoat,(507) 7984698,096 Kenwood Street
Claudian,Mourge,(175) 5376558,2408 Hanover Plaza
Dukie,Coolson,(252) 6720328,98112 Boyd Place
Craig,Salvadore,(774) 8906699,99 Alpine Lane
Thedrick,O'Hannigan,(664) 9144380,358 Sunnyside Terrace
Sandor,Haswall,(307) 6527142,709 Loftsgordon Crossing
Ly,Perigoe,(530) 8247730,392 2nd Plaza
Virgie,Jessen,(364) 2678264,53433 Jenifer Plaza
Yorke,Mardell,(621) 8165714,47 Meadow Valley Crossing
Syman,Bengall,(546) 3040102,03241 Darwin Pass
Zachery,Poletto,(675) 7437432,52 Nova Pass
Nowell,Belliss,(104) 2161515,20612 Jenifer Point
Jorgan,Glossop,(588) 8844126,516 Acker Parkway
Torre,Crowther,(791) 8244462,2 Rutledge Alley
Aldridge,Luckman,(363) 4020939,533 Waywood Pass
Reinhard,Daniau,(385) 1971382,9128 Almo Hill
Clayson,Filipczak,(851) 4667277,449 Mitchell Terrace
Carl,Hucklesby,(508) 9887068,63 Summerview Street
Parsifal,Mallabon,(240) 9378117,23 Superior Point
Cobby,Lintin,(645) 9168551,96080 Bay Alley
Welby,Kops,(841) 1262341,365 Hanover Center
Benjamin,Torrijos,(412) 1903169,59083 Northport Street
Jarret,Van Arsdall,(898) 3342250,8774 Dovetail Circle
Boycie,Caban,(773) 2110657,86 High Crossing Avenue
Falkner,Carress,(112) 8030757,7504 Fieldstone Pass
Gawen,Lambal,(469) 6738129,4 Stuart Alley
Chuck,Murtimer,(825) 8334180,253 Swallow Circle
Wernher,Rydeard,(344) 3629471,34 Monument Road
Gino,Brideau,(892) 9868358,60 Graceland Place
Oran,Van der Krui,(618) 3332372,17 American Ash Trail
